model_name,feature_number,r2_score,mae,mse,rmse
XGBoost,4,-0.4047502177565674,0.11918143551028468,0.032707747421959574,0.18085283360224017
XGBoost,6,-0.3250289442757244,0.12004734960082088,0.03085154320557394,0.1756460736981443
XGBoost,8,-0.3286349385918501,0.12215639808345152,0.030935504005014297,0.17588491693438155
XGBoost,10,-0.17884050945361074,0.11545323261007841,0.027447739211288392,0.16567359237756749
XGBoost,12,-0.19826230222491148,0.1167730229589655,0.02789994992064842,0.16703278097621563
