model_name,feature_number,r2_score,mae,mse,rmse,mape
XGBoost,4,-0.2631286757557534,0.32796929210424425,0.2584361270596271,0.5083661348473432,37.462909888062214
XGBoost,8,-0.2942804885260035,0.3482183539867401,0.26480978795242033,0.5145967236122091,40.81666773746885
XGBoost,12,-0.466227438924391,0.4265289595723153,0.2999901340039304,0.5477135510501181,57.90883442921444
XGBoost,16,-1.10011574345195,0.4660257613658906,0.4296836811102689,0.6555026171650796,74.29627102682588
XGBoost,20,-0.4895041169438852,0.3873377457261085,0.3047525423267189,0.5520439677477863,56.06526974743284
XGBoost,24,-0.6782687355939709,0.44194686263799665,0.34337378330252644,0.585981043466874,57.76636880755388
XGBoost,27,-0.5872616016486445,0.4227254736423493,0.32475372369731265,0.5698716730083297,60.915947763456245
