model_name,feature_number,r2_score,mae,mse,rmse,mape
XGBoost,4,-0.05237337530190356,1.1335973764459293,4.2196196716855185,2.0541712858682253,253.30713805785288
XGBoost,8,0.12037747378386832,0.9977665936698515,3.5269540282834506,1.8780186442853677,175.17931033288843
XGBoost,12,0.11028994047185492,0.9078007099032402,3.5674012260187067,1.888756529047274,135.63118181013385
XGBoost,16,0.10599866730466767,0.9103181092441083,3.5846076102714863,1.8933060001678246,135.46231874212302
XGBoost,20,0.10725191885906882,0.9646894891560079,3.579582544988925,1.8919784737118244,145.6680526145317
XGBoost,24,0.1221429082237766,0.9099078298608462,3.5198753031213177,1.8761330718052271,127.56920628396888
XGBoost,27,0.1321191332883771,0.9654332094391188,3.479874409408405,1.8654421485021735,129.0280215939858
