model_name,feature_number,r2_score,mae,mse,rmse,mape
XGBoost,4,-0.3925560384003468,0.7752432454377411,1.314259575141287,1.1464116080803122,111.4209208229422
XGBoost,8,-0.11427231407487093,0.5835965453088283,1.0516223532160112,1.0254863983573899,77.33044831453417
XGBoost,12,-0.07940485839423372,0.6355782827734947,1.0187153202310177,1.0093142821891592,85.58706841797147
XGBoost,16,-0.20440303213762112,0.675332333445549,1.1366854716556833,1.066154525224033,80.8334558267547
XGBoost,20,-0.2981869715939258,0.7242743356525898,1.2251964091160574,1.106885906096946,83.78391638584709
XGBoost,24,-0.5933187123346337,0.8427035933732986,1.5037343677336188,1.2262684729428621,119.26275735312299
XGBoost,27,-0.8253439257782909,0.8360474716126918,1.7227139635514064,1.3125219859306763,190.8502984023812
