model_name,feature_number,r2_score,mae,mse,rmse
XGBoost,4,-0.5886370837268959,0.1515059531522525,0.04536143357594714,0.21298223770058183
XGBoost,6,-1.1576790849287262,0.16209618304297865,0.06160967630164592,0.24821296561953793
XGBoost,8,-0.20584507979104738,0.11964703651456984,0.034431313514035784,0.18555676628470272
XGBoost,10,-0.48880305752556596,0.13943703011997302,0.042510804823452576,0.20618148516162302
XGBoost,12,-0.25292693088851137,0.12368106224067336,0.035775673584102864,0.18914458380853222
