model_name,feature_number,r2_score,mae,mse,rmse
VQR,4,-3.307150432432538,0.7885161699767471,0.8812429784756972,0.9387454279386384
VQR,6,-1.0724778350575188,0.4665897450440112,0.4240289650527683,0.6511750648272462
VQR,8,-2.8921452861579886,0.7337257121343439,0.7963329255479243,0.8923748794917551
VQR,10,-2.858670539079274,0.7134348735418816,0.7894839922956194,0.8885291173032088
VQR,12,-3.0047202893592457,0.7566420583977835,0.8193657712029015,0.9051882518034033
