model_name,feature_number,r2_score,mae,mse,rmse
VQR,4,-1.7318182280814214,0.545733951261289,0.5589300094654588,0.7476162180326607
VQR,6,-2.0983684912771143,0.5919333691524162,0.6339261933152975,0.7961948212060271
VQR,8,-2.302405661356595,0.6458010459927104,0.6756721983135593,0.8219928213272664
VQR,10,-2.3834530681261756,0.6566466129874021,0.6922544977386155,0.8320183277660508
VQR,12,-2.3840146999360896,0.6838398598996012,0.6923694076069239,0.8320873797906827
