model_name,feature_number,r2_score,mae,mse,rmse
VQR,4,-0.9489747143194105,0.16738349922995002,0.05565039866587858,0.23590336722030608
VQR,6,-0.544985517366334,0.15022996120702514,0.04411502075565377,0.21003576065911672
VQR,8,-0.2549911120416781,0.12235930810540337,0.03583461355045971,0.18930032633479454
VQR,10,-0.2360868772090885,0.11892497860686424,0.03529482809445682,0.18786917813855689
VQR,12,-0.6177793313069946,0.13487643435198682,0.046193551963085146,0.21492685258730504
