model_name,feature_number,r2_score,mae,mse,rmse,mape
VQR,4,-1.2860818291174345,0.50585308361877,0.4677323422374271,0.6839096009250251,51.091320676640336
VQR,8,-2.71549988487679,0.7168688848065561,0.7601912764457912,0.871889486371863,78.58854774080646
VQR,12,-2.5135959189769164,0.6791692019468651,0.718881725022677,0.8478689315116323,73.72621771793378
VQR,16,-2.0567496789317694,0.6436409259025855,0.62541098430944,0.7908293016254772,66.88373060858632
