model_name,feature_number,r2_score,mae,mse,rmse
VQR,4,-0.8889462689894987,0.15269013359831696,0.05393636569800139,0.2322420411940986
VQR,6,-0.7746095444938967,0.16860769161946196,0.050671631551590005,0.22510360181834055
VQR,8,-0.3675432505846099,0.1269577351530891,0.03904839120216137,0.19760665778804462
VQR,10,-0.24586140155482616,0.1201106119481384,0.0355739267264776,0.18861051594881342
VQR,12,-0.5432365739425049,0.1302991229297945,0.044065081986276684,0.20991684540854905
