{
  "protocol": "P",
  "n_train": 50000,
  "k": 15,
  "r2_real": 0.4019044550853854,
  "r2_log": 0.15075792934183796,
  "mae": 0.7299132760565757,
  "rmse": 1.5852990534708733,
  "mape": 77.67200952466713,
  "std_ratio": 0.4111444904008225,
  "r": 0.7343911327660789,
  "pred_max": 17.68781089782715,
  "test_n": 10000,
  "selected": [
    "discount",
    "holiday_flag",
    "activity_flag",
    "precpt",
    "avg_temperature",
    "avg_humidity",
    "avg_wind_level",
    "day_sin",
    "day_cos",
    "day_sin_month",
    "day_cos_month",
    "month_sin",
    "month_cos",
    "bad_weather",
    "is_weekend"
  ]
}