model,n_train,k,r2_real,r2_log,mae,rmse,mape,std_ratio_real,r_real,pred_min_real,pred_max_real,std_ratio_log,r_log,pred_min_log,pred_max_log,selected_seed,restart_objectives,restart_evals,hit_cap_any,selected
VQR,800,4,-0.105880694736052,-0.4519180711814468,1.0737208864687586,2.1556589666774797,173.4569175106973,0.27764086708972546,-0.04080503435748164,0.5595194023906251,3.990555169774093,0.46579941547678305,-0.065835652064039,0.44437769840584884,1.6075471600426396,1,"{0: 0.204808, 1: 0.189893, 2: 0.216478}","{0: 165, 1: 192, 2: 154}",False,discount;avg_temperature;day_cos;month_cos
VQR,800,6,-0.04129398060521572,-0.46826665951694424,1.1255525763273526,2.091763572140752,198.78790360870374,0.11688206645348348,0.02293144834299695,0.7905819541481902,2.405386079988201,0.21062010036154102,-0.0022191993177045435,0.5825406810638113,1.2253583193670514,2,"{0: 0.262426, 1: 0.259183, 2: 0.243764}","{0: 269, 1: 236, 2: 300}",True,discount;avg_temperature;avg_humidity;day_sin;day_cos;month_cos
