model_name,feature_number,r2_score,mae,mse,rmse,mape
XGBoost,4,0.07386887351531468,0.9301470771491528,2.539448992699098,1.5935648693100317,150.4681703803645
VQR,4,-0.2438293472190627,0.8660315403640236,3.4105766371056716,1.8467746579119153,70.9260372892164
XGBoost,8,-0.2064693490494265,1.103869733339548,3.308135625238124,1.818828091172479,147.6217600085014
VQR,8,-0.2597109425884532,0.9195887284478357,3.4541239277753375,1.8585273545943135,69.23325143617538
XGBoost,12,-0.04381415246404319,0.9961352105498313,2.862135525129345,1.6917847159521644,131.65747878963796
VQR,12,-0.4744334025975463,1.14601923318357,4.042892320486281,2.0106944871079446,91.26161347583479
XGBoost,16,-0.057868730413116465,0.9745414288997649,2.9006731390750695,1.7031362655627615,123.49971250839842
VQR,16,-0.4239081917361551,1.0884208632171466,3.904352331753928,1.9759434029733565,82.60678347111374
